,time_initialization,test_cost,test_accur,train_cost,time_train_this_epoch,train_accur,time_train_total,time_read_data_this_epoch,time_read_data_total
0,3.796267032623291,50.5009765625,0.0078125,,,,,,
391,,1.3840656280517578,0.5095925632911392,2.1808009147644043,33.49622941017151,0.3892982736268007,33.49622941017151,1.4989447593688965,1.4989447593688965
782,,1.2752599716186523,0.5470727848101266,1.3221524953842163,33.70300221443176,0.5295156649006602,67.19923162460327,1.470407485961914,2.9693522453308105
1173,,1.139101505279541,0.6001780063291139,1.1663353443145752,33.51911425590515,0.5910805626903348,100.71834588050842,1.4527249336242676,4.422077178955078
