,time_initialization,test_cost,test_accur,train_cost,time_train_this_epoch,train_accur,time_train_total,time_read_data_this_epoch,time_read_data_total,training_finish_requested
0,3.7686469554901123,22.14402961730957,0.0078125,,,,,,,
391,,1.3098468780517578,0.5347112341772152,1.7838126420974731,19.398511171340942,0.4270540281482365,19.398511171340942,1.429469108581543,1.429469108581543,
782,,1.139294147491455,0.6079905063291139,1.1517517566680908,19.71316933631897,0.5974864130434783,39.11168050765991,1.5593035221099854,2.9887726306915283,
1173,,1.022558569908142,0.6439873417721519,0.9766569137573242,19.60049867630005,0.6642263427262416,58.71217918395996,1.4849605560302734,4.473733186721802,True
