,time_initialization,test_cost,test_accur,train_cost,time_train_this_epoch,train_accur,time_train_total,time_read_data_this_epoch,time_read_data_total
0,3.4087929725646973,4.360606670379639,0.09464003164556962,,,,,,
391,,1.4538507461547852,0.4854628164556962,1.7489210367202759,4.605739116668701,0.380318893800916,4.605739116668701,1.8440189361572266,1.8440189361572266
782,,1.3482080698013306,0.5208662974683544,1.4066929817199707,4.648860692977905,0.5040640984959615,9.254599809646606,2.0089409351348877,3.8529598712921143
1173,,1.2485136985778809,0.5633900316455697,1.2984870672225952,4.749693870544434,0.545883951437138,14.00429368019104,2.0576014518737793,5.9105613231658936
