,time_initialization,test_cost,test_accur,train_cost,time_train_this_epoch,train_accur,time_train_total,time_read_data_this_epoch,time_read_data_total
0,3.9694390296936035,4.017498016357422,0.09998022151898735,,,,,,
391,,1.394052505493164,0.5048457278481012,1.653877854347229,20.060178756713867,0.4136988490896152,20.060178756713867,1.400329351425171,1.400329351425171
782,,1.1979938745498657,0.5803006329113924,1.2445303201675415,20.070300340652466,0.563123401549771,40.13047909736633,1.3996706008911133,2.799999952316284
1173,,1.0844740867614746,0.6186708860759493,1.0902197360992432,20.17915105819702,0.62203085041412,60.309630155563354,1.4044671058654785,4.204467058181763
