,time_initialization,test_cost,test_accur,train_cost,time_train_this_epoch,train_accur,time_train_total,time_read_data_this_epoch,time_read_data_total
0,3.8553340435028076,20.955799102783203,0.02857990506329114,,,,,,
391,,1.2974750995635986,0.5386669303797469,1.8286069631576538,21.653680562973022,0.4199848146084934,21.653680562973022,1.4654135704040527,1.4654135704040527
782,,1.1312812566757202,0.5966178797468354,1.1940816640853882,21.776490449905396,0.5822690217696187,43.43017101287842,1.4412760734558105,2.9066896438598633
1173,,1.031022548675537,0.6357792721518988,1.0154221057891846,22.19034719467163,0.6489729859182597,65.62051820755005,1.4676933288574219,4.374382972717285
1564,,0.9881458878517151,0.6522943037974683,0.9012113213539124,21.71104669570923,0.6892862851967287,87.33156490325928,1.4585447311401367,5.832927703857422
1955,,0.9378294348716736,0.6791930379746836,0.8051996827125549,22.11254096031189,0.7226542519486469,109.44410586357117,1.4562568664550781,7.2891845703125
2346,,0.9597527384757996,0.6733583860759493,0.723429799079895,22.093762397766113,0.7520260549795902,131.53786826133728,1.437706470489502,8.726891040802002
