,time_initialization,test_cost,test_accur,train_cost,time_train_this_epoch,train_accur,time_train_total,time_read_data_this_epoch,time_read_data_total
0,3.8553340435028076,20.955799102783203,0.02857990506329114,,,,,,
391,,1.2974750995635986,0.5386669303797469,1.8286069631576538,21.653680562973022,0.4199848146084934,21.653680562973022,1.4654135704040527,1.4654135704040527
782,,1.1312812566757202,0.5966178797468354,1.1940816640853882,21.776490449905396,0.5822690217696187,43.43017101287842,1.4412760734558105,2.9066896438598633
1173,,1.031022548675537,0.6357792721518988,1.0154221057891846,22.19034719467163,0.6489729859182597,65.62051820755005,1.4676933288574219,4.374382972717285
