,time_initialization,test_cost,test_accur,train_cost,time_train_this_epoch,train_accur,time_train_total,time_read_data_this_epoch,time_read_data_total
0,2.372471809387207,7.126401901245117,0.0982001582278481,,,,,,
391,,1.5677201747894287,0.4544106012658228,1.9222618341445923,4.09189248085022,0.33594549235785404,4.09189248085022,1.4739580154418945,1.4739580154418945
782,,1.4310029745101929,0.5014833860759493,1.5075809955596924,4.338709592819214,0.4690457161735086,8.430602073669434,1.7008492946624756,3.17480731010437
1173,,1.3240832090377808,0.5385680379746836,1.3837369680404663,4.672128915786743,0.5161524936366264,13.102730989456177,2.1653077602386475,5.340115070343018
