,time_initialization,test_cost,test_accur,train_cost,time_train_this_epoch,train_accur,time_train_total,training_finished,time_read_data_this_epoch,time_read_data_total,training_finish_requested
0,2.0717480182647705,2.938061475753784,0.0982001582278481,,,,,,,,
391,,1.4398380517959595,0.4858583860759494,1.700297236442566,4.1955201625823975,0.3957720587930411,4.1955201625823975,True,1.4891436100006104,1.4891436100006104,True
