,time_initialization,test_cost,test_accur,train_cost,time_train_this_epoch,train_accur,time_train_total,time_read_data_this_epoch,time_read_data_total
0,2.1260440349578857,2.938061475753784,0.0982001582278481,,,,,,
391,,1.439371943473816,0.48625395569620256,1.7004191875457764,4.103501796722412,0.3955123081536549,4.103501796722412,1.4835646152496338,1.4835646152496338
782,,1.3221678733825684,0.5339200949367089,1.3700082302093506,4.50248646736145,0.5211796675191815,8.605988264083862,2.008328676223755,3.4918932914733887
1173,,1.237950086593628,0.5675435126582279,1.2666443586349487,4.385685920715332,0.5591791879642954,12.991674184799194,1.7730813026428223,5.264974594116211
