,time_initialization,test_cost,test_accur,train_cost,time_train_this_epoch,train_accur,time_train_total,time_read_data_this_epoch,time_read_data_total
0,3.843208074569702,12.282387733459473,0.051325158227848104,,,,,,
391,,1.357535719871521,0.5255142405063291,1.7232801914215088,19.66712999343872,0.4176910165935526,19.66712999343872,1.458188772201538,1.458188772201538
782,,1.2223026752471924,0.5654667721518988,1.2370272874832153,19.637775897979736,0.5674312660456313,39.30490589141846,1.4055650234222412,2.8637537956237793
1173,,1.0746947526931763,0.6204509493670886,1.0665874481201172,19.64230251312256,0.6277813299385178,58.947208404541016,1.427659511566162,4.291413307189941
