,time_initialization,test_cost,test_accur,train_cost,time_train_this_epoch,train_accur,time_train_total,time_read_data_this_epoch,time_read_data_total
0,2.2787680625915527,6.705936431884766,0.10166139240506329,,,,,,
391,,1.451724648475647,0.4876384493670886,1.7578986883163452,4.123739242553711,0.3859295076726343,4.123739242553711,1.4554095268249512,1.4554095268249512
782,,1.3497265577316284,0.5232397151898734,1.381017804145813,4.086297273635864,0.5150335678054244,8.210036516189575,1.4196288585662842,2.8750383853912354
1173,,1.2650855779647827,0.5558742088607594,1.2899324893951416,4.262128114700317,0.5507672634118658,12.472164630889893,1.4201955795288086,4.295233964920044
