,time_initialization,test_cost,test_accur,train_cost,time_train_this_epoch,train_accur,time_train_total,time_read_data_this_epoch,time_read_data_total
0,2.2833571434020996,4.013535499572754,0.10106803797468354,,,,,,
391,,1.4736469984054565,0.48941851265822783,1.7694950103759766,4.349798679351807,0.38184942461340626,4.349798679351807,1.4620544910430908,1.4620544910430908
782,,1.3261736631393433,0.5398536392405063,1.3955705165863037,4.387564420700073,0.5161205243576518,8.73736310005188,1.5836584568023682,3.045712947845459
1173,,1.2497601509094238,0.563192246835443,1.2763084173202515,4.67503023147583,0.5583359974119669,13.41239333152771,2.0726711750030518,5.118384122848511
