,time_initialization,test_cost,test_accur,train_cost,time_train_this_epoch,train_accur,time_train_total,time_read_data_this_epoch,time_read_data_total
0,3.6860809326171875,17.518308639526367,0.0014833860759493672,,,,,,
391,,1.399893045425415,0.49683544303797467,1.8300601243972778,20.554702758789062,0.3841152492996372,20.554702758789062,1.4491052627563477,1.4491052627563477
782,,1.229344367980957,0.5646756329113924,1.3079785108566284,20.62856912612915,0.5376078963584607,41.18327188491821,1.498518705368042,2.9476239681243896
1173,,1.1230984926223755,0.604628164556962,1.1250649690628052,20.56330156326294,0.606965313329721,61.74657344818115,1.4522132873535156,4.399837255477905
