,time_initialization,test_cost,test_accur,train_cost,time_train_this_epoch,train_accur,time_train_total,time_read_data_this_epoch,time_read_data_total
0,3.7961628437042236,24.026639938354492,0.03164556962025317,,,,,,
391,,1.3316733837127686,0.5261075949367089,1.8297103643417358,22.084969997406006,0.41399856144205077,22.084969997406006,1.417905330657959,1.417905330657959
782,,1.1807067394256592,0.5822784810126582,1.2251558303833008,22.070126056671143,0.5709279091919169,44.15509605407715,1.4145338535308838,2.8324391841888428
1173,,1.1019020080566406,0.6206487341772152,1.063787817955017,22.05618691444397,0.6283927429515077,66.21128296852112,1.4012508392333984,4.233690023422241
