,time_initialization,test_cost,test_accur,train_cost,time_train_this_epoch,train_accur,time_train_total,time_read_data_this_epoch,time_read_data_total
0,3.6818220615386963,6.635500431060791,0.012658227848101266,,,,,,
391,,1.4276652336120605,0.4853639240506329,1.728731393814087,17.2113835811615,0.38488650901238325,17.2113835811615,1.6501901149749756,1.6501901149749756
782,,1.291628122329712,0.5447982594936709,1.343234658241272,16.975409746170044,0.5211357097796467,34.18679332733154,1.4646499156951904,3.114840030670166
