,time_initialization,test_cost,test_accur,train_cost,time_train_this_epoch,train_accur,time_train_total,time_read_data_this_epoch,time_read_data_total
0,2.2434539794921875,6.705936431884766,0.10166139240506329,,,,,,
391,,1.4521222114562988,0.4868473101265823,1.7574121952056885,4.300705194473267,0.38608935421994883,4.300705194473267,1.4350125789642334,1.4350125789642334
782,,1.348841667175293,0.5239319620253164,1.3806425333023071,4.475065469741821,0.515133471897496,8.775770664215088,1.8205277919769287,3.255540370941162
1173,,1.2647063732147217,0.5547863924050633,1.2899216413497925,4.48133397102356,0.5510669756880806,13.257104635238647,1.6770412921905518,4.932581663131714
